{
  "assumption": "??? ????? 3?",
  "source_note": "??1??PFC???????????????????????????estimator???",
  "per_bowl_reference": {
    "kcal": 823.0,
    "protein_g": 24.8,
    "fat_g": 29.0,
    "carbs_g": 119.5,
    "sodium_mg": 1240.0
  },
  "totals": {
    "energy_kcal": 2469.0,
    "protein_g": 74.4,
    "fat_g": 87.0,
    "carbs_g": 358.5,
    "sugar_g": 161.325,
    "dietary_fiber_g": 43.019999999999996,
    "sodium_mg": 3720.0,
    "potassium_mg": 4197.299999999999,
    "calcium_mg": 617.25,
    "magnesium_mg": 296.28,
    "phosphorus_mg": 1111.05,
    "iron_mg": 9.876,
    "zinc_mg": 12.345,
    "copper_mg": 1.4813999999999998,
    "selenium_mcg": 86.41499999999999,
    "chromium_mcg": 49.38,
    "manganese_mg": 2.9627999999999997,
    "iodine_mcg": 222.20999999999998,
    "molybdenum_mcg": 61.724999999999994,
    "vitamin_a_mcg": 864.1500000000001,
    "vitamin_b1_mg": 1.2345,
    "vitamin_b2_mg": 1.4813999999999998,
    "vitamin_b6_mg": 1.7283,
    "vitamin_b12_mcg": 4.938,
    "niacin_mg": 17.282999999999998,
    "pantothenic_acid_mg": 6.1725,
    "biotin_mcg": 49.38,
    "folate_mcg": 444.41999999999996,
    "vitamin_c_mg": 123.44999999999999,
    "vitamin_d_mcg": 7.407,
    "vitamin_e_mg": 9.876,
    "vitamin_k_mcg": 148.14,
    "epa_mg": 74.07,
    "dha_mg": 98.76,
    "omega3_mg": 444.41999999999996,
    "omega6_mg": 12345.0,
    "cholesterol_mg": 444.41999999999996,
    "saturated_fat_g": 30.449999999999996,
    "salt_equivalent_g": 8.779764
  }
}